排名靠前的网页,点击次数,展示,点击率,排名
https://www.housecar.life/posts/legal-brand-protection-monitoring-tools-2026,0,113,0%,8.56
https://www.housecar.life/posts/storage-unit-rental-booking-app-small-business-2026,0,90,0%,8.78
https://www.housecar.life/posts/hr-reference-check-platforms-tools-2026,0,60,0%,6.5
https://www.housecar.life/posts/legal-gdpr-compliance-software-tools-2026,0,48,0%,8.98
https://www.housecar.life/posts/legal-compliance-monitoring-software-tools-2026,0,29,0%,10.07
https://www.housecar.life/posts/legal-compliance-workflow-automation-tools-2026,0,24,0%,26.38
https://www.housecar.life/posts/legal-risk-management-software-2026,0,21,0%,9.1
https://www.housecar.life/posts/hr-analytics-software-tools-2026,0,19,0%,8.63
https://www.housecar.life/posts/agriculture-safety-software-2026,0,19,0%,10.79
https://www.housecar.life/posts/best-vending-machine-management-systems-2026,0,18,0%,9.28
https://www.housecar.life/posts/yoga-studio-management-software-comprehensive-review,0,18,0%,60.67
https://www.housecar.life/posts/boat-rental-recommendation-system-review,0,16,0%,3
https://www.housecar.life/posts/casino-digital-signage-platforms-guide,0,15,0%,13
https://www.housecar.life/posts/legal-clause-library-management-2026,0,13,0%,6.69
https://www.housecar.life/posts/remote-team-brainstorming-tools-review-2026,0,13,0%,11.54
https://www.housecar.life/posts/warehouse-layout-optimization-tools-review,0,13,0%,25.08
https://www.housecar.life/posts/legal-contract-analytics-software-review-2026,0,12,0%,15.67
https://www.housecar.life/posts/eco-friendly-hospitality-tools,0,11,0%,2.18
https://www.housecar.life/posts/hr-compliance-background-check-platforms-tools-2026,0,11,0%,6.82
https://www.housecar.life/posts/legal-copyright-tracking-software-tools-2026,0,11,0%,7.91
https://www.housecar.life/posts/golf-club-management-system-deep-review,0,10,0%,7.1
https://www.housecar.life/posts/legal-ip-portfolio-management-platforms-2026,0,9,0%,4.89
https://www.housecar.life/posts/legal-ip-document-management-software-2026,0,9,0%,10.11
https://www.housecar.life/posts/legal-corporate-risk-assessment-platforms-2026,0,9,0%,14.11
https://www.housecar.life/posts/smart-vending-machine-systems-technology-development-trends,0,9,0%,25.78
https://www.housecar.life/posts/auto-repair-customer-management-tools-review-2026,0,8,0%,7.75
https://www.housecar.life/posts/remote-team-knowledge-base-tools-review-2026,0,8,0%,16.75
https://www.housecar.life/posts/data-analysis-training-platform-comparison-2026,0,7,0%,3.86
https://www.housecar.life/posts/remote-team-goal-tracking-tools-review-2026,0,7,0%,6.57
https://www.housecar.life/posts/hotel-loyalty-programs,0,7,0%,12.29
https://www.housecar.life/posts/hr-predictive-hiring-analytics-tools-2026,0,7,0%,20.71
https://www.housecar.life/posts/legal-watermark-vs-docmark-2026,0,6,0%,3.33
https://www.housecar.life/zh/posts/ota-platforms-comparison,0,6,0%,5.17
https://www.housecar.life/posts/ecommerce-advertising-tools-review-2026,0,6,0%,7
https://www.housecar.life/posts/legal-document-automation-tools-2026,0,6,0%,14.33
https://www.housecar.life/posts/legal-regulatory-compliance-platforms-tools-2026,0,6,0%,24.5
https://www.housecar.life/posts/food-warehouse-management-systems-review,0,6,0%,60.17
https://www.housecar.life/posts/top-construction-budgeting-cost-tracking-software-2026,0,5,0%,4.6
https://www.housecar.life/posts/casino-player-communication-platforms-guide,0,5,0%,4.8
https://www.housecar.life/zh/posts/camera-rental-management-software,0,5,0%,5
https://www.housecar.life/posts/makeup-hair-scheduling-software-2026,0,5,0%,5.6
https://www.housecar.life/posts/finance-accounting-tools-ar-invoice-automation-review-2026,0,5,0%,7.4
https://www.housecar.life/posts/hr-skills-assessment-tools-for-hiring-2026,0,5,0%,10.6
https://www.housecar.life/posts/vending-machine-touch-screen-systems-technology-complete-guide,0,5,0%,12.2
https://www.housecar.life/posts/education-assessment-creation-review-2026,0,5,0%,17.8
https://www.housecar.life/posts/ai-marketing-affiliate-promotion-tools-small-business-2026,0,4,0%,2
https://www.housecar.life/zh/posts/hotel-digital-keys,0,4,0%,4
https://www.housecar.life/posts/cs-help-desk-automation-tools-tools-2026,0,4,0%,4.5
https://www.housecar.life/posts/education-language-learning-platforms-review-2026,0,4,0%,6
https://www.housecar.life/,0,4,0%,9.75
https://www.housecar.life/posts/ecommerce-erp-system-review-2026,0,4,0%,12.75
https://www.housecar.life/posts/youth-sports-league-management-system-deep-review,0,4,0%,68.5
https://www.housecar.life/posts/sports-camp-management-software-deep-review,0,4,0%,77.25
https://www.housecar.life/posts/furniture-rental-innovation-management-software-2026,0,3,0%,6.33
https://www.housecar.life/posts/legal-case-management-tools-2026,0,3,0%,8.67
https://www.housecar.life/posts/cs-ai-knowledge-base-tools-2026,0,3,0%,13
https://www.housecar.life/posts/hr-ats-platforms-for-small-business-tools-2026,0,3,0%,15.33
https://www.housecar.life/posts/vending-machine-asset-tracking-management-systems-technology-complete-guide,0,3,0%,41.67
https://www.housecar.life/posts/casino-player-reward-redemption-guide,0,2,0%,1.5
https://www.housecar.life/posts/heavy-machinery-digital-transformation-topic-92,0,2,0%,2
https://www.housecar.life/posts/hvac-customer-management-tools-review-2026,0,2,0%,3.5
https://www.housecar.life/zh/posts/boat-rental-recommendation-system-review,0,2,0%,3.5
https://www.housecar.life/posts/best-construction-vr-ar-visualization-coordination-tools-2026,0,2,0%,4
https://www.housecar.life/posts/multilingual-typesetting-platforms-2026,0,2,0%,4.5
https://www.housecar.life/posts/wine-retail-temperature-monitoring-tools,0,2,0%,5
https://www.housecar.life/zh/posts/ecommerce-erp-system-review-2026,0,2,0%,5
https://www.housecar.life/posts/education-math-learning-tools-review-2026,0,2,0%,5.5
https://www.housecar.life/posts/dental-practice-accounting-software-guide-2026,0,2,0%,8
https://www.housecar.life/posts/hr-recruitment-dashboards-and-analytics-2026,0,2,0%,8.5
https://www.housecar.life/posts/hr-digital-onboarding-tools-comparison-tools-2026,0,2,0%,9
https://www.housecar.life/posts/hr-recruitment-marketing-software-2026,0,2,0%,10
https://www.housecar.life/posts/hr-hiring-process-optimization-platforms-tools-2026,0,2,0%,14
https://www.housecar.life/posts/legal-workflow-automation-tools-2026,0,2,0%,14
https://www.housecar.life/posts/mine-ventilation-control-system-2026,0,2,0%,24.5
https://www.housecar.life/posts/top-financial-management-software-nonprofits-2026,0,2,0%,42
https://www.housecar.life/posts/hr-criminal-background-check-software-tools-2026,0,2,0%,54
https://www.housecar.life/posts/claims-efficiency-analysis-platform-2026,0,1,0%,2
https://www.housecar.life/posts/ai-infrastructure-monitoring-tools-2026,0,1,0%,3
https://www.housecar.life/posts/ev-charging-management-systems-2026,0,1,0%,3
https://www.housecar.life/posts/hr-video-interview-platforms-tools-2026,0,1,0%,3
https://www.housecar.life/zh/posts/best-vending-machine-management-systems-2026,0,1,0%,3
https://www.housecar.life/zh/posts/heavy-machinery-digital-transformation-topic-92,0,1,0%,3
https://www.housecar.life/posts/ai-content-moderation-tools-comparison-2026,0,1,0%,4
https://www.housecar.life/posts/ec-ecommerce-analytics-software-tools-2026,0,1,0%,4
https://www.housecar.life/posts/fitness-workout-planning-review-2026,0,1,0%,4
https://www.housecar.life/posts/remote-screen-sharing-tools-comparison-2026,0,1,0%,4
https://www.housecar.life/zh/posts/ai-coding-assistant-comparison-2026,0,1,0%,4
https://www.housecar.life/posts/education-mobile-review-2026,0,1,0%,5
https://www.housecar.life/posts/rehabilitation-exercise-databases-review-2026,0,1,0%,5
https://www.housecar.life/zh/posts/hotel-self-check-in-systems-2026-mews-hotelkey-checkinpro,0,1,0%,5
https://www.housecar.life/posts/kitchen-cooking-rental-professional-grill-equipment-system-small-business-2026,0,1,0%,6
https://www.housecar.life/zh/posts/remote-team-knowledge-base-tools-review-2026,0,1,0%,7
https://www.housecar.life/posts/candidate-tax-verification-tools-2026,0,1,0%,8
https://www.housecar.life/posts/remote-team-e-signature-tools-review-2026,0,1,0%,8
https://www.housecar.life/posts/ec-stock-tracking-tools-review-tools-2026,0,1,0%,9
https://www.housecar.life/posts/equipment-rental-employee-management-review,0,1,0%,9
https://www.housecar.life/posts/heavy-machinery-digital-transformation-topic-64,0,1,0%,9
https://www.housecar.life/posts/remote-team-equipment-maintenance-tools-review-2026,0,1,0%,9
https://www.housecar.life/zh/posts/hotel-loyalty-programs,0,1,0%,9
https://www.housecar.life/posts/ai-marketing-data-backup-tools-small-business-2026,0,1,0%,10
https://www.housecar.life/posts/budget-categories,0,1,0%,10
https://www.housecar.life/posts/ecommerce-operation-strategy-tools-review-2026,0,1,0%,10
https://www.housecar.life/posts/finance-accounting-tools-ar-credit-management-review-2026,0,1,0%,10
https://www.housecar.life/posts/ship-tokyo-mou-2026,0,1,0%,10
https://www.housecar.life/posts/ai-remote-work-tool-combinations-by-team-size-2026,0,1,0%,11
https://www.housecar.life/posts/preschool-waitlist-management-software-review-2026,0,1,0%,12
https://www.housecar.life/posts/magazine-digital-edition-tools-2026,0,1,0%,14
https://www.housecar.life/posts/hr-candidate-relationship-management-tools-2026,0,1,0%,24
https://www.housecar.life/posts/landscaping-mobile-apps-tools-review-2026,0,1,0%,43
https://www.housecar.life/posts/cleaning-maintenance-rental-mobile-facility-tools-small-business-2026,0,1,0%,44
https://www.housecar.life/posts/ai-marketing-sms-tools-small-business-2026,0,1,0%,53
https://www.housecar.life/posts/hr-recruitment-crm-software-2026,0,1,0%,69
https://www.housecar.life/posts/fleet-cost-optimization-tools,0,1,0%,90